Id,ORGANIZATION,NAME,GENDER,SPECIALITY,ADDRESS,CITY,STATE,ZIP,LAT,LON,ENCOUNTERS,PROCEDURES
9a1aaedf-3980-3318-8300-ce0fa6de4005,74ab949d-17ac-3309-83a0-13b4405c66aa,Ted955 Reilly981,M,GENERAL PRACTICE,881 Main Street,Fitchburg,MA,01420,42.586487,-71.80521,234,0
4c102e10-353c-3f35-84e9-ac23d2ca7e02,e09d4c49-c2ef-3b0f-9a46-3719d9219306,Ronald408 Emard19,F,GENERAL PRACTICE,60 HOSPITAL RD,LEOMINSTER,MA,014533290,42.54031915,-71.76312990486304,252,0
b0e4ff41-0dbe-3f1d-b34b-7e3d6151bc83,c241b977-4131-32e4-9957-e0a00b2a1e5f,Kip442 Krajcik437,M,GENERAL PRACTICE,94 MAIN STREET,HYANNIS,MA,026013146,41.6562802,-70.27448000204822,2,0
57d7563c-46a9-35e0-bb56-91da092fdd85,6fafb5d4-ecca-37ab-8d24-53036a8cbf1e,Wilber603 Nikolaus26,M,GENERAL PRACTICE,320 WEST CENTER STREET  2ND FLOOR,WEST BRIDGEWATER,MA,02379,42.016080599999995,-71.02601589317304,56,0
307f09cf-71dc-3d12-a25d-89acc83e26cf,aa682136-a4df-3942-9f50-e6fcee6c0b73,Precious140 Runolfsson901,F,GENERAL PRACTICE,501 CORDWAINER DRIVE,NORWELL,MA,020611630,42.1647071,-70.88149077838713,4,0
333d412c-714e-35c9-bce1-2b8ecc272f20,d2284f74-b6da-3a15-9791-84cdf2db18fb,Donnell534 Mosciski958,M,GENERAL PRACTICE,331 E FALMOUTH HWY,E FALMOUTH,MA,025366039,41.57853245,-70.5617374807812,30,0
fbf46aab-5bd4-349f-a04c-65161ba9bc42,5becf220-2978-3f33-bd38-9326947f85de,Tijuana228 Leannon79,F,GENERAL PRACTICE,240 LYNNFIELD STREET,PEABODY,MA,019605055,42.5141736,-70.97106354209534,9,0
536687f2-d1d5-3f38-85b4-48eb38c5e4c8,a58ec72a-cf43-3de5-88c1-de2fbec976a5,Riley817 Bartoletti50,M,GENERAL PRACTICE,255 CENTRAL AVE,CHELSEA,MA,021503508,42.38804035,-71.02650270378646,1,0
3f2b4108-b235-321c-9220-fcedb3202bca,42d4b607-f14d-370a-818e-40965685776c,Marchelle563 Hettinger594,F,GENERAL PRACTICE,3 WASHINGTON ST STE 220,NORTH EASTON,MA,023561034,42.0667665,-71.1036592,37,0
ba96e785-5976-35f1-b832-fbd42160f529,41e77ca4-b0d7-3c1d-ac88-4ae5a705913d,Johnson679 Pfeffer420,M,GENERAL PRACTICE,20 CLAFLIN STREET,MILFORD,MA,017573356,42.137601149999995,-71.51680334935877,3,0
7a142660-d50d-3a96-bbad-cacedab5ba38,11ba6a26-59b4-3728-a268-6dc9929962b4,Archie818 McCullough561,M,GENERAL PRACTICE,200 GOVERNORS AVENUE,MEDFORD,MA,021551644,42.42711615,-71.1121606632448,20,0
75fe3fbe-5075-3f75-8bb1-92136b063f9d,52ecddd8-42f6-35cc-88a5-cf474c02fb49,Maxima831 Fahey393,F,GENERAL PRACTICE,94 OBERY STREET,PLYMOUTH,MA,023602130,41.93725,-70.65503160208334,12,0
8f381a2f-faee-353a-9fd0-1b993ae32d1b,2b376b69-72ac-3d68-aceb-018e82b8fc8f,Shaquita282 Klocko335,F,GENERAL PRACTICE,113 CENTRAL AVE,HYDE PARK,MA,021363021,42.26077065,-71.1187885119897,2,0
780b3e08-3ed3-3863-993b-5582f7305f5a,59d1f454-5701-3f71-8fe7-94f785e15062,Wilton999 Lesch175,M,GENERAL PRACTICE,57 OLD ROAD TO 9 ACRE CORNER,WEST CONCORD,MA,017423317,42.4566859,-71.3942316,1,0
ee423323-acdb-3ee7-9206-ae577c412856,1311c44a-85cb-3aea-a143-e5d7892ced8b,Rudolf736 Reinger292,M,GENERAL PRACTICE,300 KENSINGTON AVE,SPRINGFIELD,MA,011071139,42.091896,-72.559437,28,0
e41025ef-abbf-3f29-a151-36c3b09016fa,817a1428-2045-3e89-9fa2-ef7d287d6fa5,Dana512 Schuster709,M,GENERAL PRACTICE,70-71 N PARISH RD,LAWRENCE,MA,01843,42.690315,-71.150015,36,0
3f3d349d-2c14-3e52-bc30-2ec600b20269,b4359169-6bc8-3e93-9e0c-19c6bf518e58,Kurt412 Auer97,M,GENERAL PRACTICE,126 MONUMENT ST,HAVERHILL,MA,018322527,42.78715445,-71.10946686154523,1,0
d259e85a-94b9-3662-994f-e3cd432bde02,009f87f0-4bb6-350c-ba41-0b3235a7ca43,Delbert384 Tromp100,M,GENERAL PRACTICE,277 ELLIOT ST,NEWTON UPPER FALLS,MA,024641201,42.3134306,-71.2206105,1,0
a63d4ef9-4224-3cae-b0a5-e6559d7cae2c,f945589f-88aa-366b-9e9d-2418d091112d,Azzie965 Ziemann98,F,GENERAL PRACTICE,105 ERDMAN WAY,LEOMINSTER,MA,014531805,42.54685255,-71.75737313871981,19,0
27a272c0-712f-3ffd-b71c-56776eabb802,8e3ca57f-6f74-3d61-9803-ab1424290216,Humberto482 Mann644,M,GENERAL PRACTICE,89 MORTON STREET,ANDOVER,MA,018102036,42.6551409,-71.12857340697036,3,0
2cb935ac-9226-32e7-8cda-641bf35e4cd7,5fcff9db-16e4-3e56-aa78-abbc16338097,Marcus77 Schamberger479,M,GENERAL PRACTICE,295 VARNUM AVE,WESTFORD,MA,018863513,42.5792583,-71.4378411,144,0
62663f46-6406-3c13-b2d1-de858de9937e,93c3d861-e05d-33b9-91eb-1768470229d7,Garret233 Thiel172,M,GENERAL PRACTICE,10 CENTENNIAL DR,PEABODY,MA,019607938,42.5261827,-70.9529896,55,0
fee01ea8-d39c-36fb-b8c8-637f283b024c,2e1eaaf1-ebb0-332c-8921-f48e15b91879,Delmer311 Nolan344,M,GENERAL PRACTICE,2 SEAPORT DRIVE,QUINCY,MA,021711599,42.29287335,-71.03019020136307,21,0
02decd45-1fba-30f0-89bb-3853c9f18913,c272e12f-e154-3fee-b05d-b7c0cab2657d,Trinidad33 King743,M,GENERAL PRACTICE,800 WASHINGTON ST,NORWOOD,MA,020623487,42.1886973,-71.2005241,8,0
73819494-c7cd-332b-8b19-0cefa1665c10,8d0f0e66-b1dc-37fd-8b4e-0dcb6b3b446e,Les282 Pollich983,M,GENERAL PRACTICE,200 Springs Rd.,Bedford,MA,01730,42.503376,-71.272644,92,0
becb40b4-3e7e-3eb8-87b9-4ab32b1dc93b,32fcdfba-8c93-30f4-b15b-dd3b65c29deb,Sparkle906 Bernhard322,F,GENERAL PRACTICE,20 NORTH MAPLE STREET,HADLEY,MA,010359715,42.3615107,-72.55261320852942,4,0
ec94357c-4438-346c-8175-d1698b0fcc4b,764bf964-6ab7-30eb-885b-3d713ca43265,Carrol931 Wilderman619,F,GENERAL PRACTICE,ROUTE 6   P O BOX 1430,WELLFLEET,MA,026677402,41.936423,-70.021074,46,0
5fdc3d74-edae-3962-8843-dd6697a3c3a8,609ec9f1-e806-3427-b912-9e3b2915521d,Cherrie404 Conn188,F,GENERAL PRACTICE,575 BEECH STREET,HOLYOKE,MA,010406604,42.20105435,-72.628169560868,107,0
0f7742c6-92cb-3261-827b-b81bc0928643,5fa5e611-be3d-3ebb-8f71-124325f6005f,Rachele486 Nikolaus26,F,GENERAL PRACTICE,480 ROUTE 6A,EAST SANDWICH,MA,025371438,41.742172,-70.45251,61,0
7b561a6f-93ed-3010-8d52-aaecb24e47a0,6a21521e-d3c1-3ba8-a7ae-453b5a930285,Wilmer32 Klocko335,M,GENERAL PRACTICE,168 INDUSTRIAL DR,NORTHAMPTON,MA,010602379,42.335726,-72.63284732269418,1,0
d4797cf6-c47a-39cd-b643-e473a161010d,4ffa4412-1493-3beb-b8f0-6614dde953a4,Harland508 Ryan260,M,GENERAL PRACTICE,363 HIGHLAND AVENUE,WAREHAM,MA,025715011,41.745636,-70.658192,317,0
2ab438f6-3484-3d42-9743-34e8e62f6180,ede4a423-6258-3ef5-b5ba-0fa6bb579563,Pablo44 Paucek755,M,GENERAL PRACTICE,326 NICHOLS ROAD,FITCHBURG,MA,014205478,42.5974358,-71.80761197366103,70,0
32672dc4-a6de-394f-be3a-1e15658678e6,a14e698d-a9ba-3eae-9c8b-682ec726433d,Karla801 Cummerata161,F,GENERAL PRACTICE,776 WESTERN AVE,LYNN,MA,019052408,42.466763,-70.9494939,31,0
c9421f9d-cb12-36e7-b9aa-2ee368b8a855,4c1a8ea6-b690-3c28-a02e-ebd82190ee65,Hui924 Cronin387,F,GENERAL PRACTICE,885 WASHINGTON ST,BOSTON,MA,021111415,42.3479909,-71.064924,5,0
06cfe6f5-0bff-394c-a7ca-cdce3106c6a1,a7147477-c4dd-3018-b921-2707d7e098ee,Blair400 Kreiger457,M,GENERAL PRACTICE,164 PARKINGWAY,QUINCY,MA,021695020,42.245070088637796,-71.00313070924581,2,0
fc2c62ff-2fd6-35c6-aad9-29bb31b41290,5ba6765a-f335-36b0-9c6a-6bb494c5330d,Clemente531 Schamberger479,M,GENERAL PRACTICE,31 OLD ROUTE 7,WESTWOOD,MA,020902333,42.2139873,-71.2244987,11,0
e51fd0f1-eb24-3ff8-8b73-067b9c52bbbd,b6eeaaf7-1683-3bcb-b6ee-81ce304636ef,Ariane992 Pagac496,F,GENERAL PRACTICE,170 GOVERNORS AVE,MELROSE,MA,021763225,42.4564323,-71.064182,127,0
58ae6f23-bab9-3397-870a-6e34538967fc,fda7be6a-eb66-3137-8281-de54c49f3902,Rima243 Kautzer186,F,GENERAL PRACTICE,330 SW CUTOFF,WORCESTER,MA,016042730,42.2247699,-71.76727672496281,15,0
d189d16d-8a17-3187-b927-f02eee1ddfce,d613e441-68e8-3502-8adb-3f770a1276bf,Colin861 Witting912,M,GENERAL PRACTICE,114 WATER ST,MILFORD,MA,017573007,42.13661855,-71.53474614336832,127,0
6dd840ba-f51d-3009-98b9-7e87e81ce201,d3085315-9893-34c7-8889-3a31dc17c2b0,Zachery872 Rau926,M,GENERAL PRACTICE,1428 MAIN ST STE 7,WALPOLE,MA,020811729,42.1325911,-71.2618886,17,0
cf3c85db-608f-3c44-9d69-71921d7bd1bd,469171e3-f6ec-3258-8e16-7038f6a439c0,Rodger755 Brakus656,M,GENERAL PRACTICE,COUNTRYSIDE DRIVE,MILFORD,MA,017571252,42.1413353,-71.5192019,10,0
f763f229-99fa-328e-bb5c-7402f1ed67ea,18061fd5-fda8-3e2d-87f0-0f3c87211bcc,Omer483 Koepp521,M,GENERAL PRACTICE,1493 CAMBRIDGE ST,SOMERVILLE,MA,021431408,42.3875968,-71.0994968,207,0
af6af372-1174-3258-b5c2-a8573361393c,1faab3d1-2ae5-3110-8e5f-c65b92ca906d,Theodore876 Ankunding277,M,GENERAL PRACTICE,29 LEWIS AVE,GREAT BARRINGTON,MA,012301713,42.19093125,-73.3715000043024,289,0
2f098df0-34fb-3c5a-bd9b-56bb248ab4cc,2d368a24-7410-3be2-ab17-da96581aabad,Quintin944 Medhurst46,M,GENERAL PRACTICE,65 WALNUT ST.,WELLESLEY,MA,024812188,42.324730450000004,-71.25364984557581,35,0
66cd82e4-37e0-3b35-b9a6-9d5600dcfa43,76281d34-caff-30e0-8545-bcdf33182109,Jane262 Schmeler639,F,GENERAL PRACTICE,500 WILBUR AVENUE,SOMERSET,MA,027252051,41.72075205,-71.16843052114558,21,0
fbef7992-e943-3e6e-ae20-7b2b99619212,b3ada130-6443-3a8e-98c7-4ec127a2b0c4,Natalya468 Haley279,F,GENERAL PRACTICE,ONE GREAT ROAD,ACTON,MA,017205601,42.4850931,-71.43284,6,0
d696fce3-3296-35e8-ae0b-1813ed2f9782,d17688c1-9cc8-3e68-980f-82fe1ed685fe,Adam631 Robel940,M,GENERAL PRACTICE,100 TEATICKET HWY,TEATICKET,MA,025365678,41.56361395,-70.59806084770075,34,0
628cdaf9-767f-31e7-9233-ea4704e894de,1e11392b-1278-3e70-93cd-f396cbd0c265,Gino587 Block661,M,GENERAL PRACTICE,115 LINCOLN ST,NATICK,MA,017607700,42.2843753,-71.3441395,38,0
8f38621d-ea02-3690-b744-d10da15386d5,fe30f2b4-9bc8-346e-afba-4455d1766545,Wilson960 Turner526,M,GENERAL PRACTICE,17 LAFAYETTE AVENUE,CHELSEA,MA,021502010,42.40019115,-71.03050082480353,1,0
18ecd945-fb9b-303d-b349-36953817aab1,6cf8a214-8d57-3267-85e5-7719e15cd63e,Daniela614 Hinojosa147,F,GENERAL PRACTICE,170 MORTON STREET,JAMAICA PLAIN,MA,021303735,42.299067750000006,-71.10124351911541,39,0
8687a17d-5280-38bb-93b0-f6aafcfa1bb6,13161e5b-02d2-3d19-8b48-26ef0becfc83,Janet238 Crooks415,F,GENERAL PRACTICE,165 CAPTAIN'S ROW,CHELSEA,MA,021504019,42.3917638,-71.0328284,10,0
53527dfe-cc35-3312-80ce-488b24b76d95,4bc0cc09-77e5-37f5-844d-64a6637cae54,Ahmed109 Feil794,M,GENERAL PRACTICE,91 EAST MOUNTAIN ROAD,WESTFIELD,MA,010851801,42.110743549999995,-72.70066160206358,88,0
0f1f0803-7657-3680-8564-1e36c68166e0,0fedae9f-701f-3317-9b2f-69aea2202cdc,Sharron285 Batz141,F,GENERAL PRACTICE,88 EAST NEWTON STREET,WINTHROP,MA,021522715,42.3750976,-70.982827,233,0
b3b6267b-756e-37b7-8794-ebf6426f1f75,9043e647-568d-3e87-9fc0-756a416392d3,Deandre599 Hartmann983,M,GENERAL PRACTICE,27 CENTENNIAL DR,PEABODY,MA,01960,42.52388415,-70.9519832,62,0
9de68056-d646-3662-8401-abceb5330b72,0cc04ba5-137a-3ef8-acda-e79b25960b2a,Bernardo699 Homenick806,M,GENERAL PRACTICE,25 ADAMS ROAD,WILLIAMSTOWN,MA,012672928,42.7009605,-73.18515951851253,32,0
e7bb6f88-73d5-3a79-a234-9d96fdf06978,9ab139f5-d278-31b4-b44e-feffdea65613,Shayla126 White193,F,GENERAL PRACTICE,88 ROUTE 6A 101,SANDWICH,MA,025631866,41.764922,-70.502215,4,0
cfa1bdd4-2a40-3048-bdbd-7ab44822348f,aade280a-3b90-3e48-9648-91109a964a63,Johna806 Klein929,F,GENERAL PRACTICE,909 SUMNER ST,DARTMOUTH,MA,027473826,41.6332267,-70.9879928,40,0
ed55ab9b-4295-33bd-a590-6f10e8e1c5ed,981338c4-287c-3621-bc45-8b0b9f1b8922,Rosa195 Caraballo427,F,GENERAL PRACTICE,640 BOLTON ST,MARLBOROUGH,MA,017523999,42.3658183,-71.55914630258509,29,0
28dc1e54-adbe-3358-b69e-af7683c476c3,e59fb2d5-508c-38c6-af2e-21d8216dd2b0,Nicholle822 Fisher429,F,GENERAL PRACTICE,759 CHESTNUT ST,WARE,MA,010821625,42.256476,-72.237482,42,0
5c3b3d72-5557-3b62-9426-1a712c068ae5,1e8b3677-a601-3afa-8a48-a978d873c271,Clementine778 Jakubowski832,F,GENERAL PRACTICE,444 HARRISON AVE,BOSTON,MA,021182404,42.3432437,-71.0644988,58,0
6f05a36e-f08d-363a-a2da-1bff8963e568,7a3b8310-02eb-3c47-aa1b-3f55b3ed9de9,Leif534 Dare640,M,GENERAL PRACTICE,6 HATFIELD ST,NORTHAMPTON,MA,010602545,42.333172950000005,-72.6566355591273,333,0
6ddce86e-d6cc-3083-9a42-96691934b757,ecadbc11-930c-3903-b706-f8ef4bc9089e,Earlene410 Baumbach677,F,GENERAL PRACTICE,780 CHESTNUT ST,SPRINGFIELD,MA,011031109,42.1211633,-72.60614164702717,22,0
436cbc88-b7f6-3a4b-99b8-76c7ecf013c6,0f9d1260-db33-3483-b2b6-5483cfcb739c,Lizette501 Lebsack687,F,GENERAL PRACTICE,361 WOODWARD ST,WABAN,MA,024682027,42.326011949999994,-71.2254251580706,50,0
6661dcbd-3396-3ea4-8a5f-d365c077b111,f480acd0-7ef1-350d-aae6-d8e7d53ace57,Gil594 Ondricka197,M,GENERAL PRACTICE,1193 SEA ST,QUINCY,MA,021693544,42.26883395,-70.95264075087945,69,0
6e2eb9e1-c5b0-3c0b-bf55-4529448f2bd6,794b1cc2-97be-30a4-83a0-4bf6add43c74,Mercedes82 Gurule738,F,GENERAL PRACTICE,215 THATCHER STREET,BROCKTON,MA,023023949,42.0740963,-70.99660306096918,1,0
faa41bd6-37fe-3e48-8a57-d5b8cef7563b,440fa4b8-c731-3cf5-81d9-aa3f30a37b95,Bennie663 Abbott774,M,GENERAL PRACTICE,41 & 45 MALL ROAD,PEABODY,MA,019602901,42.5278731,-70.9286609,184,0
c6afc510-c7d4-385d-b586-30e41da16feb,0fab3c4e-a028-39a6-b15a-be5a88b6aa2a,Cletus494 Paucek755,M,GENERAL PRACTICE,222 STATE STREET,LUDLOW,MA,010563437,42.15547415,-72.47222226666076,48,0
fb4cb058-38de-32fd-bc56-40eb1beff1ae,3b021cb6-4745-3d9d-8436-230055f770bd,Eleni953 Franecki195,F,GENERAL PRACTICE,148 CHESTNUT ST,NEEDHAM,MA,024943238,42.27728075,-71.23665362814043,279,0
4504bd35-3bc0-3e57-adc9-f2a18f3e6057,7b95b4ab-5bb6-3abc-b0e5-02689f84228d,Audra143 Beatty507,F,GENERAL PRACTICE,20 POND MEADOW DR,READING,MA,018673261,42.516645499999996,-71.09917578750729,50,0
015a9e06-17ec-361c-8ef8-3da594174c34,83f59b06-c094-345b-afae-856f22c1ac2c,Rosemarie149 Gutmann970,F,GENERAL PRACTICE,255 Park Ave Suite # 900,Worcester,MA,01609,42.265556,-71.818665,154,0
578dbb47-7506-383e-b9fa-a2a7d9a50453,34f0b10a-5e29-31de-a75e-e0bb03c0c0d4,Heath320 Leuschke194,M,GENERAL PRACTICE,56 COLPITTS RD,WESTON,MA,024931568,42.36610065,-71.3036759,14,0
b54924fd-a0a8-3024-a824-400ef3b52822,2befa435-3070-3350-a15c-e43ac1e84b24,Dee580 Schuster709,M,GENERAL PRACTICE,575 BEECH STREET,HOLYOKE,MA,010406604,42.20105435,-72.628169560868,1,0
49bbcde8-e17d-370a-8fcb-19b3710521c5,00ffb204-07b4-3c72-a678-fa252e6cf86c,Kathlene786 Satterfield305,F,GENERAL PRACTICE,450 BEDFORD ST,LEXINGTON,MA,02420,42.47370735,-71.25090005,29,0
a4ce59dd-9963-334f-bfd4-697fd3fac438,b8421363-9807-3b16-a146-95336eea5cfb,Cleveland582 Kuphal363,M,GENERAL PRACTICE,30 LOCUST ST,NORTHAMPTON,MA,010602052,42.33032115,-72.65330802608176,1211,0
721aefa3-53bf-3f0e-8a5a-c0bf25a1d649,8424b5ec-ba0a-32e9-94ae-a9d397884093,Booker670 Casper496,M,GENERAL PRACTICE,49 BLANCHARD STREET  SUITE 101,LAWRENCE,MA,018431456,42.69651155,-71.1612176954981,24,0
54c04783-29ae-3212-b9e2-8419beb7380a,945104f1-4b95-3eed-bd02-5efa0afbf34d,Randolph418 Keebler762,M,GENERAL PRACTICE,20 CENTRAL AVE # 506,LYNN,MA,019011201,42.46410018181818,-70.9465129090909,1,0
6d739d92-7283-38d4-bf77-e78491128d75,e854f053-5621-31fa-afa1-29040b0d7466,Latrice352 Ferry570,F,GENERAL PRACTICE,1575 BLUE HILL AVE,BOSTON,MA,021262122,42.2698727,-71.0940406,2,0
a5fd1668-d7f2-319a-871c-e4051d5cbf20,fbd4ccdf-2fdb-3652-9bbe-1ccff886bd34,Alberto639 Adame662,M,GENERAL PRACTICE,320 CENTRAL STREET  UNIT A2,SAUGUS,MA,019062372,42.4632069,-71.0093761,11,0
6ae3bb33-b1e1-36c1-9395-b10ac9d2a614,901c2d40-1ca3-3879-9a20-c663b8adc0a9,Emory494 Schuster709,M,GENERAL PRACTICE,800 WASHINGTON STREET,STONEHAM,MA,021802445,42.4863168,-71.0928919,186,0
e1f01094-62dc-3a4d-9acf-084ee0ff7b2e,7a75decf-7d3f-3b0d-8c2b-3abf0a8c7f58,Afton574 Kulas532,F,GENERAL PRACTICE,169 LIBERTY ST,MIDDLETON,MA,019491003,42.615226050000004,-71.0144865346162,33,0
36d33723-af8b-3a3d-a19f-b92671925b8c,18df2721-3f76-3f83-94d5-63597cedd298,Kylee806 Romaguera67,F,GENERAL PRACTICE,909 SUMNER ST,STOUGHTON,MA,020723396,42.1005097,-71.0830269025407,148,0
be5e448a-053d-387c-9343-ab6fffd573bd,e1818b21-4458-3b9c-b2b8-7ed6f57ae078,María Soledad68 Rosas160,F,GENERAL PRACTICE,2399 BOSTON ROAD,WILBRAHAM,MA,010951185,42.14668485,-72.45048427046072,7,0
7bd84dd3-2f32-32f8-b673-04710de7f7c1,200746fc-5d0f-3ec7-a2a9-3d9a219ee139,Arlen68 Rippin620,M,GENERAL PRACTICE,800 CUMMINGS PARK  SUITE 3100,WOBURN,MA,018016355,42.4977745,-71.1237712,5,0
90582ff0-1102-3162-98cf-a0f8cf63a29f,f2068cee-c75c-321d-9b2c-c33535db89c9,Charles364 Prosacco716,F,GENERAL PRACTICE,32 BOSSI AVE,RANDOLPH,MA,023682002,42.20017865,-71.0582074,28,0
ef484c3d-9ad9-396a-b39e-6e1b29b02b13,15d4c950-4691-3996-b4c4-bf06bfb58ff7,Alvin56 Crona259,M,GENERAL PRACTICE,70 EAST ST,METHUEN,MA,018445883,42.7285558,-71.16833738237946,43,0
aaecb337-a0a7-3577-9eb2-46bc5b9f101e,5018c664-e283-30eb-932a-529d9a19b3b5,Rochell365 Stehr398,F,GENERAL PRACTICE,300 SOUTH ST,WOBURN,MA,018014979,42.473347,-71.144086,7,0
049910f3-e127-3411-a2ac-25ec5d398e5d,d140ed3f-2696-3e78-bd77-1c959ec4fc4d,Jamal145 Marks830,M,GENERAL PRACTICE,863 HATHAWAY ROAD,NEW BEDFORD,MA,027401916,41.6512968,-70.9669902070805,4,0
9f8bc8d8-af39-356c-b402-562eafa0fd1c,1cff30ba-b91f-3ea2-b80b-770d67856358,Annamae625 Halvorson124,F,GENERAL PRACTICE,359 JONES RD,FALMOUTH,MA,025403341,41.5591273,-70.60352436630029,7,0
c858a1d1-d306-3ddf-8c3e-c96a4bfce3c2,d4e48a16-0a60-3e90-81e5-c35b22ffe6af,Elmer371 Kutch271,F,GENERAL PRACTICE,856 STATE RD,NORTH ADAMS,MA,012473027,42.69967208677275,-73.16330754755236,15,0
f0483484-f375-3561-ab31-34f218617f83,8f22037a-070f-3fcf-8f39-fa879f0ae107,Roberto515 Lira652,M,GENERAL PRACTICE,567 DARTMOUTH ST,S DARTMOUTH,MA,027481826,41.61112,-70.93937914285715,1,0
7826f8bd-3f3d-3439-b3a8-91ce1a1fe83c,bccd7d67-203c-3d93-b6b0-bff5a146cd1d,Paulene52 Kihn564,F,GENERAL PRACTICE,286 WASHINGTON ST,STOUGHTON,MA,020721763,42.1384306,-71.1022598,13,0
919b77c3-ee65-32f9-8952-b3299a05ca43,a2a41caf-758f-3962-8e5f-e6e603f93d17,Rhett759 Padberg411,M,GENERAL PRACTICE,111 HUNTOON MEMORIAL HWY,ROCHDALE,MA,015421305,42.2020225,-71.89891616754682,177,0
ebb44737-5e00-372b-a1cc-a55d44b7babc,0d24cc89-3256-330c-b36d-d8de8babef84,Delicia67 Bernhard322,F,GENERAL PRACTICE,1030 FALMOUTH RD,SOUTH YARMOUTH,MA,026641218,41.6667779,-70.1847414,110,0
527ebe5b-063d-36fe-b190-d671233d16a8,ce5a2589-44ba-3e2f-ac0d-76c482da6091,Kevin729 Moore224,M,GENERAL PRACTICE,178 LOWELL STREET,LEXINGTON,MA,024202719,42.438544300000004,-71.19310317632329,1,0
1c77c70d-4db1-3a77-be57-d805aff74497,844a8cb2-4164-35b2-88b8-dffa2889a738,Alonzo487 Conn188,M,GENERAL PRACTICE,150 UNIVERSITY DRIVE,AMHERST,MA,010022232,42.368937,-72.53247107203978,2,0
460de604-d289-31b0-b830-71a3ab8dba91,bfb9ab7d-7b8a-36c9-ac27-d210a6f6f412,Neal874 Bechtelar572,M,GENERAL PRACTICE,8 LEWIS POINT ROAD,BUZZARDS BAY,MA,025325613,41.745383,-70.618087,1,0
a2509600-dadd-3d69-9964-07e0c7fb654b,a6fb79e7-4abb-3a68-b62d-e501427fdca4,Barb55 Renner328,F,GENERAL PRACTICE,489 WASHINGTON ST STE 202,AUBURN,MA,015015709,42.187836,-71.83104,40,0
5c0c76c6-e750-31f2-b18d-ef503d597fe2,756ed90d-15f4-377d-b99f-ca1de5633481,Denver542 Runte676,M,GENERAL PRACTICE,115 HOLLISTON ST,MEDWAY,MA,020531954,42.158983899999996,-71.41067830029175,2,0
a6f8b0dc-a581-39dd-b02f-a55f6dd88e18,4e3c60e6-dbed-32c3-9b03-767d7fbc82b0,Gordon377 Lind531,M,GENERAL PRACTICE,222 RIVER RD,LEEDS,MA,010539783,42.364084399999996,-72.70745188531934,3,0
85624533-ee19-31ac-9c91-918fb5753ba8,9d0e702d-50a0-3f4c-9126-0951d560fd4b,Otha286 Roberts511,M,GENERAL PRACTICE,189 MAY ST,WORCESTER,MA,016024339,42.25986305,-71.83597786023279,25,0
750c267a-3fd0-3b5f-8078-dfb5762798f1,f0e3e152-0b08-3819-b962-b043f63f6dc1,Kirby843 Rippin620,M,GENERAL PRACTICE,1010 VARNUM AVENUE,LOWELL,MA,018541915,42.6422606,-71.36626685573418,10,0
5b42cde4-6321-321d-9b33-0e89ea4dbd7a,c656d426-a307-372e-85f4-add29b4f178b,Carmen818 Collazo246,F,GENERAL PRACTICE,174 ARMISTICE BLVD STE A,FALL RIVER,MA,027212367,41.7010642,-71.1546367,55,0
7e3e8f27-6f91-3c2d-aa2a-615bf228fe52,81b1ef2b-8d3c-3923-859d-ae56099e037a,Graciela518 Pabón228,F,GENERAL PRACTICE,19 VARNUM STREET,LOWELL,MA,018502132,42.6520846,-71.29979019978185,1,0
f183fab4-eab0-3769-9e88-6c4d86d18da0,c7542447-e06e-32cb-b6db-243c23a0dbc2,Chantell995 Krajcik437,F,GENERAL PRACTICE,30 WARREN ST,BOSTON,MA,021353602,42.3501483,-71.14393324457691,80,0
a16ceeb5-37af-3d3f-b4d9-9a56e343f49d,46375470-1e20-3ddc-8dc5-010ba53826b6,Clara183 Reynolds644,F,GENERAL PRACTICE,40 WRIGHT ST,PALMER,MA,010691138,42.16934095,-72.34120457065711,71,0
bf2da120-4bcf-3677-bb91-e1c30cb5efa4,aba3e6f6-4562-342e-b90f-dd61b117f394,Norbert530 White193,M,GENERAL PRACTICE,438 CHESTNUT STREET,SPRINGFIELD,MA,011072008,42.11291091861002,-72.59692685125127,1,0
571b8bc1-ffb2-3dc1-a907-6eb8ab7efd2b,be509ccb-bfb7-3b87-8945-8426b689ef9d,Man114 Balistreri607,M,GENERAL PRACTICE,2049 DORCHESTER AVENUE,BOSTON,MA,021244742,42.3554334,-71.060511,13,0
f9e33c90-92c0-38e3-b041-a0615923738f,065eba51-cef7-3976-8654-ba8e7df887ce,Traci329 Block661,F,GENERAL PRACTICE,1165 NORTH PLEASANT STREET,AMHERST,MA,01002,42.40927615,-72.52971238527101,14,0
6a892cbe-34b5-3d52-92b7-95ebceafd080,6c7fe370-02c4-3537-8f5e-373b2168b933,Shon148 Swift555,M,GENERAL PRACTICE,60 HOSPITAL ROAD,LEOMINSTER,MA,014533791,42.54031915,-71.76312990486304,1,0
f58614fc-f0ea-310d-9609-c39a5ed45922,f8918a95-31e8-3ac4-8d12-29ca6080ebda,Rudolf736 Vandervort697,M,GENERAL PRACTICE,199 REEDSDALE RD,MILTON,MA,021863926,42.251368299999996,-71.0768393856917,82,0
d4123194-d6d9-3961-8030-0e22a59ccdec,9cec3b3c-fe3f-344e-b9c3-e414dafcd19f,Otis335 Dickens475,M,GENERAL PRACTICE,120 MAIN ST,MALDEN,MA,021486904,42.41918695,-71.06618960434116,1,0
6d60dd3b-4672-3aeb-80d4-3e42a200bce9,8d5880eb-1dd8-31ea-b7c5-21709f3bb341,Nicholle822 Satterfield305,F,GENERAL PRACTICE,50 ROWE ST,MELROSE,MA,021763201,42.4592093,-71.06078096379728,46,0
36fdf332-779f-3747-a253-896cacf02032,3ff0f58b-7a1f-3334-9449-ff15f68b7d86,Crystle668 McCullough561,F,GENERAL PRACTICE,275 SANDWICH ST,PLYMOUTH,MA,023607761,41.94186605,-70.6455366462985,84,0
1dfc1533-3fa5-38c4-a95a-affbaffd1e04,70e3ad4f-b9ff-3f3e-9990-2cd7e23a9d1c,Tambra47 Bosco882,F,GENERAL PRACTICE,1238 RIVERDALE ST,WEST SPRINGFIELD,MA,010894675,42.1373438,-72.62624707492338,12,0
6d610ae3-7ddd-3b39-9177-a8b4222d6092,75846b1f-d0ec-3255-9bdd-d09eb0a9dd0d,Vanita165 Bartell116,F,GENERAL PRACTICE,575 BEECH ST,HOLYOKE,MA,010402296,42.20105435,-72.628169560868,168,0
e6641ff9-c652-3dce-a835-95d10058e5df,a6964d47-8af0-3df2-b99d-d8414eb1cfa3,Adrienne302 Schiller186,F,GENERAL PRACTICE,200 MAY ST,SOUTH ATTLEBORO,MA,027035520,41.924394750000005,-71.36076410900014,291,0
0d342ca9-7a02-3ebe-a0a5-2e8227647944,004554b4-3068-3938-832d-fa7cbe1cd1fb,Lacy523 Littel644,M,GENERAL PRACTICE,25 STONEHAVEN DRIVE,WEYMOUTH,MA,021903951,42.1589443,-70.94970431672323,6,0
8acd9346-a397-3add-bc60-dbbf39ac5421,dae3ee01-f383-366e-9ad6-dc92963064ea,Kristin64 Will178,F,GENERAL PRACTICE,1233 MAIN ST,HOLYOKE,MA,010405381,42.16578055,-72.63389634691956,171,0
7785032b-f8d0-3020-95d8-3d55afe7492d,a7b047dd-186a-32de-8187-b0853c05aed6,Dustin31 Mayert710,M,GENERAL PRACTICE,180 LOW STREET,NEWBURYPORT,MA,019503519,42.815683050000004,-70.89666045994463,1,0
a83997ee-a73a-33f9-98bf-3ea7529008c6,dac75bc1-cbfa-306b-9a0a-88d5edf3638d,Addie421 Ebert178,F,GENERAL PRACTICE,170 COREY ROAD,BRIGHTON,MA,021358244,42.3433093,-71.14003855124017,2,0
bf8e27af-1bdf-3c5b-bee2-bb4800dad107,371948e4-733a-33b6-a835-68abefdeb59f,Zachary28 Gleichner915,M,GENERAL PRACTICE,197 ADAMS RD,WILLIAMSTOWN,MA,012672930,42.704126099999996,-73.19043030392987,201,0
afc3d976-6654-353e-ba0b-e0b2965b45e7,9d989fcf-4ad9-3972-ada3-f275d967781e,Cristi782 Miller503,F,GENERAL PRACTICE,100 TER HEUN DR,SANDWICH,MA,025632377,41.7579043,-70.4968152,77,0
dae9ca98-68b9-375e-8077-32d68d1dcc44,a2cc09de-c1e2-3126-8c09-d49f95225281,Darnell564 Leannon79,M,GENERAL PRACTICE,300 LONGWOOD AVE,WALTHAM,MA,024532741,42.3756401,-71.2358004,78,0
ea3df2d8-b54f-3f6b-a2bb-564d3e0fc84a,9f2f60a6-87a4-3f45-b753-b63b5b7e9993,Maricruz991 Considine820,F,GENERAL PRACTICE,332 HANOVER STREET,BOSTON,MA,021131901,42.3647421,-71.0536619,37,0
fe627351-f9f4-3297-89c7-2514e26ff191,389323ef-b127-3a06-a22d-e24aef033e5d,Eugenio846 Streich926,M,GENERAL PRACTICE,200 PROVIDENCE HWY,DEDHAM,MA,020261881,42.22214545274341,-71.18159060546684,77,0
eab7a80b-2545-3dcf-96a6-ce20e690cf85,bebc1dac-6c42-3225-b0ba-23278cdf2a62,Antonia30 Hackett68,M,GENERAL PRACTICE,464 MAIN STREET,AGAWAM,MA,010011826,42.07695165,-72.62026217030348,6,0
179ccec6-28b7-3496-82ec-689c8ee3d4bc,ce4d0501-49eb-396a-bc56-545fdfc624b0,Bea654 Daniel959,F,GENERAL PRACTICE,1 HOSPITAL RD,OAK BLUFFS,MA,025571406,41.46063105,-70.57989080295974,88,0
7e1e5337-f21a-3770-8b5d-16c23b9ce973,70e943de-a18b-3e03-a204-ecca2f01b6d1,Liliana922 Wolf938,F,GENERAL PRACTICE,76 NORTH MAIN STREET,WEST BOYLSTON,MA,015831130,42.393642299999996,-71.79207534741954,1,0
561fbb57-5651-301a-95c4-4fec37f79557,e69e7cbb-8362-30d1-83f2-3a0c492fe2b1,Chris95 Kub800,F,GENERAL PRACTICE,110 LONG POND RD,PLYMOUTH,MA,023602642,41.9255829,-70.65514326847389,69,0
d0e91ad0-b7e5-3a98-a594-003a71d26bac,1ef8d603-bec1-35f5-a830-2a0b919cf47f,Thresa531 Kutch271,F,GENERAL PRACTICE,1801 TURNPIKE STREET,NORTH ANDOVER,MA,018456322,42.6355548,-71.0761760490546,5,0
3af63dc6-b9ee-3c3b-9040-97026982c0aa,afc661fd-71d9-3fc3-adf2-3fc3b5e8a140,Hyman89 Schmeler639,M,GENERAL PRACTICE,680 CENTRE ST,RAYNHAM,MA,02767,41.9487118,-71.0731008,130,0
180dcf6a-fb26-3bac-9583-c1135e84c417,06cc2462-430f-3322-9c87-7e971125f510,Kai187 Mann644,F,GENERAL PRACTICE,133 OLD ROAD TO 9 ACRE COR,WESTFORD,MA,018863198,42.5792583,-71.4378411,116,0
9ea81d65-d561-3f3c-94a1-2968469abb8a,1ce0d1a3-b507-3ad1-afc5-b25bfe48b8dc,Margarito178 Welch179,M,GENERAL PRACTICE,10 PEARL STREET,STOUGHTON,MA,020722364,42.125716800000006,-71.1025481568314,2,0
42cddfb7-f3d0-33b9-a4a7-52edc35dddd1,880fad59-9c38-3a21-a39f-ccc801502ab3,Maurice742 Pollich983,M,GENERAL PRACTICE,799 CONCORD AVENUE,CAMBRIDGE,MA,021381048,42.390849395521705,-71.1556550001627,1,0
e75ca12c-8020-39a1-aea9-bf03583be1da,352f2e3b-0708-3eb4-9f7e-e73a685bf379,Araceli695 Willms744,F,GENERAL PRACTICE,157 UNION ST,SOUTHBOROUGH,MA,017721215,42.3056501,-71.5245087,16,0
cbe7625c-5f8a-3981-9a69-08274dc0bcfc,e34d8448-8b98-3f91-9fe7-faeb8a78e1db,Gordon377 Monahan736,M,GENERAL PRACTICE,NEW ENGLAND SINAI HOSPITAL,MILTON,MA,021862377,42.2501425,-71.065573,28,0
cf7fa0d4-417a-3035-b09c-cc29153417b8,4fa643ae-1f58-3c2e-9f33-0ba56345ad10,Sharyl439 Williamson769,F,GENERAL PRACTICE,361 MAIN ST,WAREHAM,MA,025712153,41.761384899999996,-70.71911431737183,72,0
cc517a0c-15e6-3c7c-bd8b-3ec1773622f2,e98ef46c-e94c-34bc-9cf5-134d8ddcbac5,Jamey282 Olson653,M,GENERAL PRACTICE,10 EMORY ST,ATTLEBORO,MA,027033002,41.9447388,-71.27972821642685,1,0
055d5d45-9045-3ee5-a3e0-e7cf54d79ea6,2b97893e-dc50-378b-a266-f089b8450329,Eva64 Tamayo777,F,GENERAL PRACTICE,250 MOUNT VERNON ST,DORCHESTER,MA,021253120,42.3194571,-71.04610844302991,75,0
aa6d9fda-2c43-3758-989b-67532363c3e3,310d02fb-ba0c-3b5a-9ab3-8d7bb8e7b661,Felica690 Farrell962,F,GENERAL PRACTICE,709 WASHINGTON STREET,CANTON,MA,02021,42.1561851,-71.1452049,22,0
13f4b2db-fc71-3ed9-b262-78d7d79e5bea,3d5fbf38-c781-3e04-8c7e-5a402611b7d4,Enriqueta274 Barton704,F,GENERAL PRACTICE,260 ELM ST,SOMERVILLE,MA,021442951,42.3955992,-71.1227391,24,0
8188c4b3-618f-3b95-b2fe-6a1902c7e2c1,f43f97f2-af04-3ed0-a42e-3681718cc9b2,Dorcas534 Quigley282,F,GENERAL PRACTICE,725 NORTH ST,PITTSFIELD,MA,012014109,42.4600752,-73.2492795834909,272,0
04f18800-a4f0-3977-a31a-a620a4e4329d,fd5342f0-10c0-3f48-9c7e-7100a64db139,Marcela739 Puga7,F,GENERAL PRACTICE,30 PRINCETON BOULEVARD,LOWELL,MA,018512405,42.6353691,-71.3322833,4,0
74d54028-625b-361a-a5e6-63d6e706f335,15c0c270-968e-3651-8afe-e162149e5e3e,Elias404 Kohler843,M,GENERAL PRACTICE,10 George Street  Gateway Center,Lowell,MA,01852,42.642513,-71.3062,7,0
df7c7a68-1349-391f-8ce8-c12611d88ccc,52efa2e5-007f-3396-a83a-28ca015f0595,Ranee391 Turner526,F,GENERAL PRACTICE,20 N PARK AVE STE 2200A,PLYMOUTH,MA,023604090,41.960434631488596,-70.67007876763536,42,0
b91c18eb-52d1-3d90-8ee0-35ebe5504ce8,19439108-9835-38fe-8ee2-1226a355cfba,Anderson154 Kunze215,M,GENERAL PRACTICE,694 WORCESTER RD,WELLESLEY,MA,024822837,42.2964859,-71.2925571,10,0
1cde5de2-6cc7-3fa3-bafa-729081deb8d0,edd58f69-ad5f-346b-b1f9-530ccdc895f6,Shawn523 Padberg411,F,GENERAL PRACTICE,52 CARPENTER ST,ATTLEBORO,MA,027032472,41.9369576,-71.27996091755344,44,0
89437085-18f0-3152-9420-7fcabbe8e8a4,94ac48ba-e215-3ab9-ba88-a0b926d29cef,Barton704 Hahn503,M,GENERAL PRACTICE,300 WINTHROP STREET,MEDFORD,MA,021552311,42.421527,-71.11834,7,0
9facac58-b38b-3ac8-a462-3360b47d7218,069b90f9-309b-35e4-b990-d1dbacb962cc,Thomas756 Strosin214,M,GENERAL PRACTICE,36 LOWER WESTFIELD ROAD,HOLYOKE,MA,010402749,42.16975305,-72.63488031242107,20,0
f8fa843c-0c25-3693-9e28-86d9f4e477fa,2c2e6afc-9578-3ba5-bb12-eed97d3a823b,Sunni15 Schroeder447,F,GENERAL PRACTICE,405 RIVER ST,MATTAPAN,MA,021262210,42.2699017,-71.09061872585616,1,0
82b328b2-f039-39b7-ae8a-8c80bce9fd9f,51759ecf-0948-3f61-b8fc-09dd8f2b90a1,Damon455 Schultz619,M,GENERAL PRACTICE,CHRISTIAN HILL ROAD,GREAT BARRINGTON,MA,012301108,42.207865,-73.360405,25,0
b7b5a988-735a-3c1b-b546-a30ec31d6116,48a6d3ab-50ef-349e-8945-2558a78f378e,Junior695 Kuhlman484,M,GENERAL PRACTICE,795 MIDDLE ST,SWANSEA,MA,027774114,41.730919,-71.208117,200,0
27330516-3bfc-3d72-86fe-4c4b71c718ed,cabc0f0d-dcca-34a2-bc6b-519ed1cc7f74,Ronald408 Huels583,M,GENERAL PRACTICE,191 MERRIMACK ST STE 712,HAVERHILL,MA,018306199,42.7742236,-71.08181133783422,40,0
99dda909-a1b1-304d-a60f-3e0b3311faed,7b7ce654-a413-37d1-9d34-97240c0ac580,Landon622 Kihn564,M,GENERAL PRACTICE,1 WRENTHAM ST,BELLINGHAM,MA,020192532,42.025037350000005,-71.48945118224057,15,0
0ddf1b3a-ca0f-3f21-8af4-33b7d6f1c761,f3740f1e-3176-3f58-ba4a-f95d8f5b9263,Kendra609 Schneider199,F,GENERAL PRACTICE,75 KNEELAND ST,BOSTON,MA,021111901,42.350222,-71.060605,51,0
987dbdd9-1ec2-3e81-b0ab-fbd520cb9881,7b20d1c4-c56b-3647-801c-5e4e13679073,Riley817 Prohaska837,M,GENERAL PRACTICE,275 SANDWICH ST,PLYMOUTH,MA,023602183,41.94186605,-70.6455366462985,297,0
48ebaa2b-bb7c-3f96-828b-3b2c97ec855c,880c8804-deb0-35b0-9132-06950118b8b3,Elijah719 Flatley871,M,GENERAL PRACTICE,150 LINCOLN STREET,NEEDHAM,MA,024922914,42.2743931,-71.23662905222776,14,0
dd08f72b-aa80-3411-94fb-f8bf98c376c3,3e97ce4f-3ad7-3cea-883f-e2bb4ca89d83,Dan465 Swift555,F,GENERAL PRACTICE,30 NEW CROSSING RD,READING,MA,018673270,42.51809619399502,-71.0959083715027,12,0
3d895e69-1b13-3def-855b-69504a11e615,46daa26f-fda5-38a9-9c45-fda430d28fa6,Trenton748 Bernier607,M,GENERAL PRACTICE,25 RAILROAD SQUARE  SUITE 501,HAVERHILL,MA,018325721,42.7736752,-71.08561759491305,4,0
36094dec-c1ad-32e1-a53a-e3b818cb4147,c0132cf6-1703-3aad-89b4-cc2f2bbc123e,Neville893 Schoen8,M,GENERAL PRACTICE,66 NEWTON STREET,WALTHAM,MA,024536058,42.3746705,-71.22789736306842,3,0
595aac45-2ea8-3e55-8a69-cc85805608d0,71d9e7fe-5a34-3f11-8edb-f79c482785fe,Liane379 Kunze215,F,GENERAL PRACTICE,42 CAPE RD,MILFORD,MA,017573292,42.1274477,-71.5195252,43,0
9918e946-87ea-37c1-bd63-a802106f6aca,4f59f709-8b84-3d27-a04b-c6b7b5544413,Mario764 Aranda843,M,GENERAL PRACTICE,70 BOLTWOOD WALK,AMHERST,MA,010022271,42.3768779,-72.51840280783739,76,0
857c3bd4-c311-36c3-ac18-0d4c0ff37984,5225cc87-6a30-303c-a882-5f001cee7f0e,Denis399 Boyer713,M,GENERAL PRACTICE,110 W SQUANTUM ST,QUINCY,MA,021712122,42.27259075,-71.03082765,81,0
76da2643-5235-3488-8569-d1ad60cb4422,51370692-6296-3150-8672-559fc73f964f,Jeromy156 Okuneva707,M,GENERAL PRACTICE,75 FRANCIS ST,WEST BRIDGEWATER,MA,023791542,42.0219112,-71.019004,32,0
9f1302c0-0077-3ddc-bd44-8f7667c6c575,31e00f85-6909-3d9f-afc6-5ae507ab0c06,Josephine273 Collier206,F,GENERAL PRACTICE,382 GROVE STREET,BRAINTREE,MA,021847324,42.189369400000004,-70.98451984814267,33,0
f3ecb456-65d3-3a39-bc1b-3714f5870028,06376cbe-4880-384b-b459-7ce3eef36ced,Cody889 Ratke343,F,GENERAL PRACTICE,387 QUARRY ST,FALL RIVER,MA,027231026,41.6932713,-71.1402431739568,55,0
8a8a4590-2474-322c-84f5-890ae73d818c,2836d9ac-c6a6-39d1-8f13-fdf0fc8928f4,Alysha630 Koch169,F,GENERAL PRACTICE,365 EAST ST,TEWKSBURY,MA,018761950,42.6069472,-71.2180803,323,0
c403c6cc-07f7-3a36-9c4a-4440f6394316,a2f8d8fe-665e-390f-8b9b-efdc0b14a77c,Armand155 Towne435,M,GENERAL PRACTICE,161 JACKSON ST,LOWELL,MA,018522103,42.6425382,-71.3093946,97,0
2fb170b7-dd25-351d-83f8-99213127acef,82c72223-f521-3a34-9b9b-4ff366365399,Shon148 Reinger292,M,GENERAL PRACTICE,2100 DORCHESTER AVENUE,QUINCY,MA,021691870,42.2509914,-71.0037374,252,0
51bb755e-5dfa-31e1-b80c-f1d11751a10d,01516bed-cf23-30da-ad4f-967d65529743,Tena12 Davis923,F,GENERAL PRACTICE,67 BRIGHAM ST,NEW BEDFORD,MA,027402211,41.62716045,-70.9414201572985,43,0
d06707a9-346b-3685-844c-abae004d9c1d,b5e6f1bd-c744-3556-9775-5ff8399eea33,Whitney250 Wiza601,M,GENERAL PRACTICE,2284 MAIN ST,CONCORD,MA,017423829,42.44300895,-71.42458458423982,53,0
e648a051-ae01-388a-a097-c4ac1410bbf6,7c625dc4-2593-31eb-95fd-6a912832b8bb,Jerónimo599 Zavala169,M,GENERAL PRACTICE,980 WASHINGTON STREET  SUITE 124,DEDHAM,MA,020266704,42.228918,-71.18501264023513,27,0
91d32316-5685-3a94-b2fc-7bd5aa45268c,04b252db-4231-3cb5-963d-6f096fb4b97c,José3 Menéndez746,M,GENERAL PRACTICE,1177 PROVIDENCE HIGHWAY,NORWOOD,MA,020625019,42.194543,-71.1994976,14,0
e6df6d24-0b6e-3a71-ba3a-08c7350ec878,94f6a3ae-7d8d-3cbc-a788-e400732da7e5,Ammie189 Kuvalis369,F,GENERAL PRACTICE,450 WEST RIVER ST,ORANGE,MA,013649603,42.5928702,-72.32953998953418,37,0
01dd9461-de07-3425-84db-54b05f3af001,e2eab39c-5195-34aa-b35f-e89e37cfed01,Miguel815 Roberts511,M,GENERAL PRACTICE,55 FOGG ROAD,WEYMOUTH,MA,021893141,42.175539799999996,-70.9539153674405,456,0
e501badc-1231-343a-a993-5652ff3aabd5,fdcf2b47-b2fb-355c-8581-0f66edadb8a4,Marchelle563 Kling921,F,GENERAL PRACTICE,865 CENTRAL AVE,NEEDHAM,MA,024921316,42.2905133,-71.25420518075296,1,0
33462263-a1bc-387b-a9d5-db5dfc5c6cd2,1de7e7d9-9a7a-3a3f-bf4c-b4de450711f2,Vince741 Morissette863,M,GENERAL PRACTICE,198 LITTLETON RD,WESTFORD,MA,018863429,42.564282,-71.42620615382347,8,0
5bbbe2fc-f33d-3efd-adcf-4aa9b99ff766,df3f566c-97e5-31ed-b0fe-4b452666f736,Mckinley734 Rodriguez71,M,GENERAL PRACTICE,300 CHESTNUT ST,NEEDHAM,MA,024922477,42.27522125,-71.23743483674366,64,0
0f24c81e-8783-3e08-92c5-0aca40f07721,4705a8fd-19cd-32c1-8b3e-34bcfe84d0bd,Wynell591 Mayert710,F,GENERAL PRACTICE,55 N WASHINGTON ST,NORTH ATTLEBORO,MA,027601607,41.983529,-71.332241,58,0
a19f48b8-568f-3ecb-9215-e2c2a6d09d36,497f39dd-280e-3d58-af5b-c5e3a3a09b10,Arden380 Bergstrom287,M,GENERAL PRACTICE,27 PARK ST,HYANNIS,MA,026015230,41.65363635,-70.27352219234834,505,0
3e62ca99-12c6-3c29-9d06-be40541572f4,b0762027-dc86-335b-8310-f4f031c1caca,Buena501 Swift555,F,GENERAL PRACTICE,765 WEST CENTER STREET,WEST BRIDGEWATER,MA,023791517,42.01302315,-71.05345585281756,17,0
78da9641-0711-335e-bf59-012989620267,578b56de-fe9c-32e1-aea4-876f8bc01e9c,Agnes294 Dooley940,F,GENERAL PRACTICE,49 HILLSIDE STREET,FALL RIVER,MA,027205211,41.707406500000005,-71.14593659462452,256,0
2cefac09-d1b0-3a1a-8a6a-d4b0acb0d6d3,390a2aa4-70b4-3a64-a12f-9bd777834c8d,Evangeline16 Howe413,F,GENERAL PRACTICE,710 MAIN STREET,HARWICH PORT,MA,026461931,41.669654699920855,-70.06169919459835,51,0
c75bf292-2c87-3c1c-b765-f24c0cc1ff13,1ab2b5f9-cb95-3236-beec-9b9d4a407c61,Latoria810 Eichmann909,F,GENERAL PRACTICE,725 NORTH ST,PITTSFIELD,MA,012014109,42.4600752,-73.2492795834909,13,0
9f92df34-a962-373c-8f10-2a9a75e57525,97a14f8a-1b8c-3b40-b5bd-f44f1440c1ba,Vincent299 Bergnaum523,M,GENERAL PRACTICE,23 WHITES PATH,W YARMOUTH,MA,026733200,41.6501114,-70.2411312,18,0
2aa6789b-8f80-34b3-81cd-4a8cf6ab7ed4,71a1e089-024e-3255-a536-9204586fa4fc,Millard193 Doyle959,M,GENERAL PRACTICE,1 GORHAM IS,WEST YARMOUTH,MA,026733200,41.6501114,-70.2411312,1,0
321e55e7-158a-3e63-acd3-7dc16ef0dbd5,5b0cd0a0-f277-3a66-bee6-d64b5be4a3f5,Waldo53 Hintz995,M,GENERAL PRACTICE,725 NORTH ST,PITTSFIELD,MA,012015493,42.4600752,-73.2492795834909,111,0
d6b7d547-4d01-362c-b417-42f7aae5974d,edbb9e9c-3440-3b38-abfc-83a8f0b6bebc,Malik994 Huels583,M,GENERAL PRACTICE,273 OAK GROVE AVE,FALL RIVER,MA,027232315,41.70179473202871,-71.13310371798859,1,0
92654241-9677-33c5-8026-3be700c04cdc,4956f573-3dc2-3a67-9692-2f57451744e6,Raquel318 Muro989,F,GENERAL PRACTICE,400 BOLTON STREET,MARLBOROUGH,MA,017523912,42.35966285,-71.55290125539051,3,0
815f388c-a297-31b0-8342-8f91ae48bdfd,b44955d1-f0e2-3beb-a013-708a81dbe430,Idella49 Runte676,F,GENERAL PRACTICE,680 CENTRE ST,WEST BRIDGEWATER,MA,023791600,42.0219112,-71.019004,28,0
0ad8aa34-5146-3416-897f-2f1558f8f6e2,60e897f9-7491-3610-81e5-d44b3d36b8c4,Aaron697 Strosin214,M,GENERAL PRACTICE,63 STATE RD,GREAT BARRINGTON,MA,012301224,42.20224745,-73.35469687339696,37,0
f2b2269a-367a-35d0-b372-b86fdcc7e86f,67d2f85b-ddc7-3ed0-b90b-6fa5b7b8358a,Marshall526 Jenkins714,M,GENERAL PRACTICE,43 FOUNDRY AVE,WALTHAM,MA,024538313,42.37050535,-71.21908334877376,29,0
5e8c6efd-d265-38bf-80fe-f78007689dad,1d45436f-15a9-326e-a452-2e9ffc9fc5e5,Wilfredo622 Mraz590,M,GENERAL PRACTICE,75 SPRINGFIELD RD,WESTFIELD,MA,010851832,42.111428849999996,-72.71189899299209,62,0
12313e78-c8e5-30bc-8497-30980a28b7f7,0d1570ab-371c-3898-9397-95905d8c5166,Santina680 Dicki44,F,GENERAL PRACTICE,750 WASHINGTON ST,BOSTON,MA,021111552,42.3499038,-71.0631836,259,0
a7410440-2d22-3428-896a-d626d976dc43,1853aeef-5897-326a-80d6-aa4b0459eb6d,Jewel43 Kassulke119,M,GENERAL PRACTICE,381 WICKENDEN ST,ATTLEBORO,MA,027032247,41.9438129,-71.2806515,5,0
79ae023f-5e52-3156-bf55-b20f45aaed54,4b7e26e6-e5b1-38c9-b4ac-fde9a0f93177,Edmundo94 Eichmann909,M,GENERAL PRACTICE,38 BROAD STREET,QUINCY,MA,021694604,42.2560352,-70.99469254391217,97,0
d5cb5c80-e2f2-32e4-8106-bda07abd0490,2ca615f3-87f7-3283-a447-d919a883b676,Elizbeth263 Dickinson688,F,GENERAL PRACTICE,1399 WASHINGTON ST,HANOVER,MA,023391653,42.1441354,-70.8440854,8,0
1e5722b8-df5e-3b9c-b064-b5fed994d5a0,c0a33465-d309-3d2a-932e-9d554a7cc19c,Veronika907 Rogahn59,F,GENERAL PRACTICE,100 CENTURY DR,WORCESTER,MA,016061244,42.3138278,-71.7707002,3,0
6a8f027e-37d5-37bf-af29-4c2b2c6691bd,0be0e035-8dad-387e-bbdd-a5a469c4311f,Tyler508 Howe413,M,GENERAL PRACTICE,480 MAPLE ST,DANVERS,MA,019234065,42.584178050000006,-70.97197467750539,42,0
33f95d3b-2ca0-3f44-b7b2-16257078d74f,9fdce5d5-d4d0-3156-a8d5-8757bfe4e9b3,Rosario163 Kilback373,M,GENERAL PRACTICE,1 FARMER CIR,ARLINGTON,MA,024742866,42.42405225,-71.16792616556859,49,0
1e8677af-bfd4-36fb-9773-1752a5916086,86f41096-d81f-3e26-b770-b26adc017d3e,Ka422 Prohaska837,F,GENERAL PRACTICE,288 WASHINGTON STREET,QUINCY,MA,021695523,42.24983615,-70.9902487341626,6,0
ea2c2cfd-c0db-3805-b9fd-de7f87b0bd00,a35fd733-dc1a-33f0-a308-292ff5581287,Phil587 Schaefer657,M,GENERAL PRACTICE,15 STRAW AVE,FLORENCE,MA,010621491,42.335654,-72.663286,54,0
7f817f95-c37a-3ddf-a565-fe269c47ed03,b014aec7-7bd8-351f-8808-3e280cbc5be6,Sergio619 Volkman526,M,GENERAL PRACTICE,70 EAST ST,HAVERHILL,MA,018306700,42.7777829,-71.0767724,44,0
1dbfc2e0-9da0-3b3d-81bc-03339ca82c35,b3b56527-d366-3353-bca9-266a12f23051,Gil594 Schroeder447,M,GENERAL PRACTICE,60 QUAKER HIGHWAY,UXBRIDGE,MA,015691628,42.06100105,-71.62352848737622,6,0
8b144c17-44cb-3344-b5ae-78588639b0d2,f1664435-2eca-3eff-bd1a-13701e7ad1bd,Rosa195 Marks830,F,GENERAL PRACTICE,300 PASTEUR DRIVE,NEWTON,MA,024592058,42.3370414,-71.2092214,39,0
9817cfdc-b6a5-3985-b897-25e1b763ca95,125eccb3-d003-34ea-9bd8-360dff059782,Mickey576 Gerlach374,M,GENERAL PRACTICE,125 PARKER HILL AVENUE,DEDHAM,MA,020266146,42.2489143,-71.1755732,15,0
89ff792b-72c8-37f6-a565-27320c36bd26,68027854-a51a-324b-8f20-2da7be608ebf,Ralph813 Legros616,M,GENERAL PRACTICE,50 RECREATION PARK DRIVE,HINGHAM,MA,020434206,42.176395,-70.90419664699353,13,0
0263bc56-e549-3e40-a53f-10313aef0684,b242f971-3c74-3778-b148-81366c1e6a3f,Leland44 Bernier607,M,GENERAL PRACTICE,10 CAREMATRIX DR,DEDHAM,MA,020266149,42.2270762,-71.17237295563174,288,0
aacec58c-659a-3fc0-a770-25f8ad9999f9,2987ddf5-7ff2-3e4a-9e25-d654a10313fd,Ted955 O'Connell601,M,GENERAL PRACTICE,519 MAIN STREET,MEDFIELD,MA,020522522,42.186209649999995,-71.30745495273302,1,0
2fca80dc-9a16-38c1-af24-f915f6c0bb2a,19a3afba-b409-3650-a0ab-f3faf6e391ef,Patrina117 Strosin214,F,GENERAL PRACTICE,199 REEDSDALE RD,WALTHAM,MA,024511433,42.3756401,-71.2358004,89,0
ef37cc6d-bc52-33f6-9fe5-55a5dc9d8141,d833e67f-4e72-331c-87e9-45e96dd28280,Lazaro919 Beer512,M,GENERAL PRACTICE,2101 WASHINGTON STREET,NEWTON,MA,024621519,42.3301978,-71.24996457183994,1,0
7aac5bf3-4a0a-30f1-8363-da3ea57c5cc7,25c85bcc-7e25-36bc-89e8-08e0d473db23,Carla633 Tórrez28,F,GENERAL PRACTICE,138 S MAIN ST STE 14,MILFORD,MA,017573272,42.1270746,-71.51639128815474,53,0
249f33a5-a1f7-32d6-8aa6-050b718d8886,d9b71ccf-6649-3555-9e99-44eac0af257f,Darlene91 Collier206,F,GENERAL PRACTICE,655 DEDHAM ST,WRENTHAM,MA,020931135,42.084901,-71.30689224201797,15,0
57e678a2-c4c2-3cbe-b4c3-377ca1543040,e68de1a0-767e-3466-b9a6-43948ee073d3,Gene733 Ratke343,M,GENERAL PRACTICE,160 WELLS AVENUE,NEWTON,MA,024593302,42.29337605,-71.19806353028767,6,0
da6a52f8-a5ce-3208-9ccc-472633a9c407,d6c165ec-d9ca-35a5-9bc8-2061cbfb83a2,Stuart913 Lynch190,M,GENERAL PRACTICE,10 ADAMS ST,NORTH CHELMSFORD,MA,018631780,42.6389249,-71.3840196,75,0
3be01fc8-687f-3d5e-b379-0a080041840a,cbebae9e-f95e-3d2c-9712-289ea8d6aeec,Xochitl483 Haley279,F,GENERAL PRACTICE,49 ROBINWOOD AVENUE,QUINCY,MA,021698130,42.2509914,-71.0037374,207,0
150b056b-da38-36f1-aec3-1b56dd219dbc,ad482681-b4c4-3fce-ac59-78c83d31b0ba,Jeanie708 Turner526,F,GENERAL PRACTICE,130 CHESTNUT ST,FRANKLIN,MA,020383903,42.08345955,-71.38413379825735,1,0
f25fd8c7-cc8b-37d8-809f-92cac06c8c89,411f14a5-de79-3e08-81d6-301270cc2275,Janee223 Harvey63,F,GENERAL PRACTICE,64 CONCORD STREET,WILMINGTON,MA,018872179,42.55962465,-71.13772203658047,13,0
6576f0da-561b-3f68-9468-4d92abc12388,471f7ca2-38f8-3080-8109-187c73ec0b1f,Collin529 Johnson679,M,GENERAL PRACTICE,27 CONGRESS ST,SALEM,MA,019707308,42.518722068313224,-70.88940635956651,39,0
2ac5d217-c6d8-3494-bb27-00b63dd670a8,ce9c1582-994d-32bf-835c-474a249d2804,Maude482 Veum823,F,GENERAL PRACTICE,275 MARTINE STREET  SUITE 104,FALL RIVER,MA,027231500,41.68393816525316,-71.1220830626733,8,0
847eb75d-7814-39d2-9ede-553f19d27378,6ea4d3d6-d820-387a-a3d1-ed5944ad47a2,Nicolasa738 Larkin917,F,GENERAL PRACTICE,232 PLEASANT ST,METHUEN,MA,018447152,42.7397562,-71.17113575205717,35,0
a4c5a4c6-6dac-38ef-b00c-de3303d3f115,966245ce-e84d-36b0-a838-2e0b5bb2e668,Refugio197 Crooks415,M,GENERAL PRACTICE,1425 BLUE HILL AVENUE,MATTAPAN,MA,021262122,42.2754929,-71.09384131587021,7,0
56981509-5131-314c-85c1-f5c642d31c2c,9dbd44ba-59b2-3d1d-ac91-3880af8081d2,Rob341 Larson43,M,GENERAL PRACTICE,529 MAIN ST STE B,ACTON,MA,017203965,42.4878132338563,-71.43046999422496,28,0
b78b0819-5c4a-3566-9dcb-290bbc245f95,2bde75a8-708f-3930-8d57-100ab365d413,Cedrick207 Gleason633,M,GENERAL PRACTICE,173 WORCESTER ST,WELLESLEY,MA,024815521,42.2964859,-71.2925571,78,0
f73268d4-28b2-38dc-9a6a-c95d1f054ad9,845fbd9b-2d1c-39a8-8261-28ae40e4fab2,Sam879 Rippin620,F,GENERAL PRACTICE,14 PROSPECT STREET,UPTON,MA,015681431,42.1700209025178,-71.59409308099494,396,0
805a82ac-358a-388f-9ceb-16ccdc68c14a,946ec45f-5c4a-361f-b158-927144864133,Glynda607 Harvey63,F,GENERAL PRACTICE,19 MIDSTATE DRIVE  SUITE 130,AUBURN,MA,015011856,42.1894693,-71.85604765,9,0
cda0884a-c8a3-350d-bacb-a7f233e18991,bac9dc0c-cb0f-3fa6-aa12-819dd0fb922a,Floy720 Greenfelder433,F,GENERAL PRACTICE,1493 CAMBRIDGE ST,SOMERVILLE,MA,021452935,42.3875968,-71.0994968,56,0
dafbb547-6274-3b11-b360-b3893bd0cd25,84d5768f-3a21-3da9-aad2-bbf7a3ae2700,Hank686 Schneider199,M,GENERAL PRACTICE,817 MERRIMACK ST,LOWELL,MA,018543548,42.650296999999995,-71.32263756223612,73,0
e03930a1-c379-3283-82fc-78ac019ccdc0,9ce6072b-d039-3cde-8eaf-950211b8ae88,Saul605 Ratke343,M,GENERAL PRACTICE,147 S MAIN ST,MIDDLETON,MA,019492446,42.585787222720036,-71.00861442427218,4,0
e08821da-67d2-31e4-ad1b-97f037de61c7,af8566eb-8918-3ec7-ba44-92b6a2cf8097,Trevor374 Walker122,M,GENERAL PRACTICE,81 HIGHLAND AVE,SALEM,MA,019702714,42.5112107,-70.90516241826194,37,0
fbe2dd62-3071-3e5f-9408-7ff8592b468f,ecd3b321-0a8a-3ce6-81f0-982dd77fce43,Hunter736 Lesch175,M,GENERAL PRACTICE,25 HIGHLAND AVE,NEWBURYPORT,MA,019503867,42.81369325,-70.89091645747592,12,0
d65fe811-1d88-3040-b58b-f574d659e696,42c13743-f36f-370a-a5ca-3e3c9795e02d,Tiffani287 Toy286,F,GENERAL PRACTICE,17 CHIPMAN WAY,KINGSTON,MA,023641039,42.0115267956362,-70.78988939618995,1,0
43893408-b908-37bc-91ca-650fedcb32e4,058176fd-cbb0-328b-8411-c19f5045032d,Breana975 Sanford861,F,GENERAL PRACTICE,840 EMERSON GARDENS ROAD,LEXINGTON,MA,02420,42.43761961817366,-71.19888753880475,5,0
030dd2a0-266f-34f9-b1ba-25ceb4d0eaa3,a036cdf2-bbc5-3ffd-987f-56e437fd8b74,Lashanda692 Gutmann970,F,GENERAL PRACTICE,265 N MAIN ST,SOUTH YARMOUTH,MA,026642083,41.680980000000005,-70.18292625685085,31,0
005f8466-26f4-3f75-a3d0-ba064177951e,2fbb592e-2154-3a4d-856e-467d7ba5bed7,Bernardo699 Pagac496,M,GENERAL PRACTICE,780 MAIN ST,GREAT BARRINGTON,MA,012302148,42.17823835,-73.36310566431717,75,0
814d1e47-72e2-3177-97a1-e10443e12d52,4f5e8f16-a31b-3071-8556-d7188ede313d,Kala987 Wolf938,F,GENERAL PRACTICE,575 BEECH ST,HOLYOKE,MA,010402223,42.20105435,-72.628169560868,289,0
239b6bfa-358d-3293-9875-49e67a9533ea,69cb2157-b620-3c51-9c94-f516462d2d55,Anh979 Schroeder447,F,GENERAL PRACTICE,11 WATER ST,ARLINGTON,MA,02476,42.41642055,-71.15424293038585,31,0
99f70395-6f88-3679-a695-32ae3bb1e0a0,ae3eab22-8868-37bb-9a59-2b8bfe14bf34,Elise948 Smitham825,F,GENERAL PRACTICE,2033 MAIN STREET,ATHOL,MA,01331,42.58522105,-72.20868129339888,96,0
d1e208a1-d52e-3d3f-9693-2b35d03f5b15,615416de-5217-3c11-9828-2d4bacd1d9cb,Keli839 Williamson769,F,GENERAL PRACTICE,434 ROUTE 134,HYANNIS,MA,026011854,41.6753274,-70.309939,1,0
8e068bfa-d92a-3197-8276-6bc3ee9ee3bb,a25107f7-f4f5-36fc-98e4-f3e1b5875c91,Rubén780 Garay400,M,GENERAL PRACTICE,1285 BEACON ST,WOBURN,MA,018012157,42.4979478,-71.1684508,2,0
d4f297ba-cde6-32c4-ba5f-1f068269a3d5,0e6c3ad1-24c1-34cb-bb6d-e8438fa319e2,Vern731 Casper496,M,GENERAL PRACTICE,50 DODGE ST,SWAMPSCOTT,MA,019071300,42.4699241,-70.9171507,1,0
e2890714-5498-3d35-878f-53a5d36aeca1,3695125c-c052-3ece-898a-2a6448987ae5,Rosanna866 DuBuque211,F,GENERAL PRACTICE,2040 BOSTON RD STE 5,WILBRAHAM,MA,010951380,42.150295650000004,-72.47288272264812,2,0
78c96dde-2084-33b9-883b-ce28dc035c9b,63b93742-6c13-3309-92b6-f7c858e9f320,Leopoldo762 Schmeler639,M,GENERAL PRACTICE,77B WARREN ST,BRIGHTON,MA,021353601,42.348002699999995,-71.14205064012461,42,0
b7e6ba1e-cb82-3178-8cb2-7a9bb18b1548,7e6db51f-7c1b-3555-9e1c-6269ba6d704d,Drew592 Streich926,M,GENERAL PRACTICE,120 STAFFORD STREET SUITE 206,WORCESTER,MA,016031461,42.239638,-71.8443785891577,8,0
4f9ed35c-729b-3404-b402-cc1f4bdab3b5,83769f98-fff3-3535-8781-6ace5957136f,Emilia403 Breitenberg711,F,GENERAL PRACTICE,115 NORTH AVENUE,ROCKLAND,MA,023702129,42.13496385,-70.92237824494691,4,0
4e319887-67d6-32a6-8da6-700e7873b873,1b26464f-ebe5-3045-b976-40f9979418c6,Vernie449 Tillman293,F,GENERAL PRACTICE,243 KING ST,NORTHAMPTON,MA,010602367,42.331161,-72.634183,2,0
d8a589f9-a66a-3bc8-9b9c-aa316a754619,0e3a24c3-b772-3059-b3fd-8a4710068a82,Malka46 Gerhold939,F,GENERAL PRACTICE,416 BROADWAY,RAYNHAM,MA,027671737,41.940680799999996,-71.07864352196617,87,0
ebffc77e-c85e-3b63-bc37-2ba72beb7224,28d71598-85eb-3a0e-90c1-22e0be1af57c,Sammie902 Hermann103,M,GENERAL PRACTICE,38 MULBERRY ST STE 204,NORTHAMPTON,MA,010602832,42.35436315,-72.70256804599192,171,0
1efb08b1-5310-3375-a04f-4ef38997b35a,b8d40f5c-9e4d-3639-89ef-8bf375cb3184,Joshua658 Howe413,M,GENERAL PRACTICE,190 OLD DERBY STREET,HINGHAM,MA,020434065,42.1807101,-70.9170852970031,1,0
2dc092cd-7e76-37b6-bc7a-a0949d9915c0,a537b406-fdfa-36b4-84da-12512e7e6c63,Margrett284 Davis923,F,GENERAL PRACTICE,795 MIDDLE ST,STOUGHTON,MA,020721829,42.1252079,-71.1022015,12,0
e3329302-e192-3f42-81d8-2de114ba688c,40d5ac54-6e92-353d-8bce-63afb7e8fb0b,Murray856 Jacobs452,M,GENERAL PRACTICE,1325 SPRINGFIELD STREET STE 12,PITTSFIELD,MA,012016187,42.451302,-73.260018,3,0
b07d8fe4-8cf4-381a-8e05-cb90dde6460c,9adfae03-673d-365d-9052-f705098fa3e4,Daniel959 Wolff180,M,GENERAL PRACTICE,51 BLOSSOM ST,BOSTON,MA,021142699,42.36305545,-71.06643399281765,264,0
945deae6-ae68-3b57-bb2b-1ffffaba8d79,48a07866-e8d7-3268-aa3c-ca3237c8e6f3,Devona405 Stamm704,F,GENERAL PRACTICE,188 PROVIDENCE ST,HYDE PARK,MA,021361861,42.2682551,-71.12174592925336,29,0
eb3a19ff-4c50-382f-8856-5bee57957afd,89171335-b9c0-3326-98d6-a837d432b9fd,Lorette239 Hauck852,F,GENERAL PRACTICE,150 FLANDERS ROAD,LYNN,MA,019042915,42.466763,-70.9494939,154,0
73c0a731-201d-3f23-8184-30395eff92c0,01bde980-bf89-3138-8912-7360dff33247,Carlos172 Elizondo706,M,GENERAL PRACTICE,456 PARK AVE,WORCESTER,MA,016101254,42.25512735,-71.82580924803523,5,0
d2bb420d-fda7-35c9-8274-4c18960ed936,1484fc69-2eb0-3bba-8656-d5ead4973895,Lashawnda573 Schaefer657,F,GENERAL PRACTICE,260 MERRIMAC ST,NEWBURYPORT,MA,019502192,42.817380099999994,-70.88125573659471,24,0
cb5a782e-0ef4-3913-9c74-ddfa2f2e30e5,217cb6f6-e822-3831-9d9d-ffa104971042,Cira533 Jakubowski832,F,GENERAL PRACTICE,2 REHABILITATION WAY,WOBURN,MA,018016003,42.46352265,-71.161925472006,149,0
ba466d42-514d-3236-bf9a-1286e9538245,e2a8b444-9b8f-36ff-84c4-05ee98589482,Manuela585 Valdés907,F,GENERAL PRACTICE,8 SHIPWAY PL # C-8,CHARLESTOWN,MA,021294301,42.3778749,-71.0619957,101,0
9c3e4cf8-a681-3065-84da-3465752eedf6,121b0ad1-1beb-3caa-9271-3d3f726bb727,Kyoko885 Price929,F,GENERAL PRACTICE,1030 MAIN STREET,WALTHAM,MA,024517447,42.375828,-71.2527956,11,0
b350c3ba-51e5-30a1-8147-a22a6735013d,f6ba791e-fe68-3596-bef4-60751db6a60e,Freeda113 Crooks415,F,GENERAL PRACTICE,37 BIRCH STREET,MILFORD,MA,017575501,42.1424349,-71.48943173357203,9,0
40604bb1-b7bd-3450-afcb-df4dd49c0af3,e1892a2c-6dca-3c4c-93b7-0e00a9eb8b61,Maragaret140 Erdman779,F,GENERAL PRACTICE,20 EAST ST,HANOVER,MA,023391638,42.1278249,-70.82664947485381,87,0
32ac6c30-d031-3246-a65a-e14b0582cbe1,67cade01-dcfe-37b7-8e2c-b712d9e6fbba,Lelah386 Wintheiser220,F,GENERAL PRACTICE,694 MAIN ST,HOLDEN,MA,015201862,42.3406819,-71.8390289,18,0
cc2d35f6-16a2-3e46-981f-bbbdd5a1cbbe,11a40a26-a5a3-331d-aef0-d06dd90e2b4e,Len277 Wintheiser220,M,GENERAL PRACTICE,10 OSTERVILLE WEST BARNSTABLE RD,YARMOUTH PORT,MA,026752000,41.7020544,-70.249465,39,0
51ea703c-23b4-3df0-bc85-04e6ceaeb50c,b954c464-11ea-312b-a3f8-1350775bfa54,Hortensia953 Walker122,F,GENERAL PRACTICE,123 CAPTAIN'S ROW,CHELSEA,MA,021504019,42.3917638,-71.0328284,5,0
8b0d9571-519e-3439-aca1-224b0480c8f8,9f368e75-397f-3d77-a317-9a005512a4e2,Franklin857 Pfannerstill264,M,GENERAL PRACTICE,381 PARK AVE,WORCESTER,MA,016101026,42.2583962,-71.82204240042036,28,0
f6936aa4-250a-3df6-90b3-3cf494dc9126,95f6c328-96dd-3fb8-a56e-9aad566094b4,Milda157 Schoen8,F,GENERAL PRACTICE,4 STONY HILL ROAD,WILBRAHAM,MA,010951027,42.1552861,-72.48384800788648,2,0
06859ce5-7140-3d82-83c4-11af39e2fa6c,19f958ef-57cf-33c1-b068-14b32a980813,Jordon466 Bruen238,M,GENERAL PRACTICE,155 BROADWAY RD,DRACUT,MA,018262754,42.67578279999999,-71.29320171860073,62,0
c37e6a65-00de-37ef-9c0c-374a71384b69,f0214766-e2d0-3793-b2b6-4e1ea5df2a87,Otto672 Klein929,M,GENERAL PRACTICE,298 JARVIS AVE,HOLYOKE,MA,010401288,42.2087949,-72.6430892731527,1,0
b9fe0ab9-be0c-3112-bab3-24bd7b74d28b,47602b5b-f4aa-3c73-aa26-2268ccf7a83c,Kathie378 Fisher429,F,GENERAL PRACTICE,90 LINDALL STREET,DANVERS,MA,019232125,42.574712149999996,-70.94359556912616,5,0
1a3d8ea5-060d-3b70-a406-e19969974ecf,6d16a8e3-3569-38ab-afac-a2f8c1125085,Lynn917 Crona259,M,GENERAL PRACTICE,1010 WALTHAM STREET,LEXINGTON,MA,024218052,42.4139392,-71.22929265883278,3,0
6ff4be5e-cf90-3629-8b6a-97bdfc04b4f9,91808f17-7583-32a3-aa55-23b131b327c7,Jospeh459 Wunsch504,M,GENERAL PRACTICE,200 CORDWAINER DR,NORWELL,MA,020611671,42.16352995,-70.8846291501739,56,0
010650e5-1ba6-341f-a234-58000d89d07e,587f07bd-7d69-3291-9aea-abef74f30045,Pearl430 Davis923,F,GENERAL PRACTICE,228 ALMONT ST,MATTAPAN,MA,021261487,42.2805395,-71.09839825,27,0
c668c6ee-6e8f-3abb-b25f-e90ea2616ea4,76baa51d-0d0f-359d-a07b-7b999a43d42e,Dong972 Gibson10,F,GENERAL PRACTICE,101 STATION DR STE 240,WESTWOOD,MA,020902336,42.20728361922244,-71.15698168263435,34,0
03c1b8cc-4e93-3495-a910-c89fcfde14eb,02d7b144-352f-3eac-97db-6fc4a95bf1fa,Greta919 Reinger292,F,GENERAL PRACTICE,120 SEMINARY AVENUE,AUBURNDALE,MA,024662650,42.34002614299451,-71.24911543639162,6,0
c572bbf4-7278-30a6-882d-6fd737b23c6a,e0584fe3-c4f7-33c7-986b-2568383d7307,Candelaria844 Blanda868,F,GENERAL PRACTICE,120 MAPLE ST STE 303,SPRINGFIELD,MA,011031930,42.1064397,-72.63777529283192,26,0
e1247c4d-d0d5-32cb-9e7a-47c4a324db37,53f086de-2fc7-3d35-92c2-aca4ed944e7f,Chang901 Kutch271,M,GENERAL PRACTICE,1 GENERAL ST,LAWRENCE,MA,018412961,42.7097143,-71.15007700778098,217,0
ac4c04cd-3180-37f8-8508-67232ab81593,c05d73d0-b348-32ce-9fe5-13a720950f37,Abraham100 McDermott739,M,GENERAL PRACTICE,45 DRUM HILL RD,CHELMSFORD,MA,018241503,42.6255635,-71.3615131,7,0
87eb00a9-01b7-3b23-bf0a-dcc52271b8fb,d51d98bc-ef4c-363b-8450-c01537258b11,Teofila990 Koch169,F,GENERAL PRACTICE,1007 EAST ST,DEDHAM,MA,020266363,42.22837415,-71.16281500487283,2,0
6e2fb14c-b013-3844-9a70-83888c233e6d,0592d4e5-a0fb-3143-83cd-8e5a6b066a96,Anderson154 Lemke654,M,GENERAL PRACTICE,20 EAST ST,HANOVER,MA,023391638,42.1278249,-70.82664947485381,72,0
8f340bfb-9597-3f9c-9c51-61a35fa88b04,c67ca7ed-4769-3b6c-a0a9-993f1227ff10,Allen322 Veum823,M,GENERAL PRACTICE,1 BLACKBURN DR,GLOUCESTER,MA,019302237,42.6269312,-70.65555242413386,8,0
76ed8fea-5c45-3b59-b1f5-a95fa7e48812,6b9c5830-a278-38ff-887f-ccefd74cf8e8,Fawn386 Hettinger594,F,GENERAL PRACTICE,184 LINCOLN STREET,NORTH EASTON,MA,023561799,42.06665855,-71.11947646404934,6,0
